item_name,PDF,item_title
custom,0,['Garden Skirt'
custom,0," 'Reserved Listing: girl organic shorts, blue organic cotton, tween clothing, school clothing, striped shorts girl, size 12, 14'"
custom,0, 'Custom order--Size 12/14'
custom,0," 'Reserved Listing:  girls shorts, organic chambray, tween clothing, cotton shorts, size 12, 14'"
custom,0," 'Reserved Listing: girl top, organic cotton, yellow top, tween clothing, bird cotton, retro clothing, size 12, 14'"
custom,0," 'Reserved Listing: organic cotton twill, pink shorts, tween clothing, cotton shorts, size 12, 14'"
custom,0," 'Reserved Listing: Girl Organic Shorts, cotton blue shorts, daisy shorts, girls clothing, 12 size'"
sequin_skirt,0," 'Girl Holiday Skirt, sequined girl skirt,knee length skirt,party gold skirt,toddler holiday,special occasion,size 2T, 3T, 4T, 5, 6, 8, 10, 12'"
sequin_skirt,0," 'Girl Holiday Skirt,sequined girl skirt,knee length skirt,tween gold skirt,toddler holiday,special occasion,size 2T, 3T, 4T, 5, 6, 8, 10, 12'"
custom,0," 'Custom Listing for Kris, girl blouse, cotton voile, long-sleeved, size 8'"
custom,0," 'Baby girl romper, first birthday girl, infant girl outfit, cotton baby clothes, baby bubble romper, 3-6 mo, 6-9 mo, 9-12 mo, 12-18 mo sizes'"
gathered_skirt,1," 'Girl Skirt Pattern, PDF sewing pattern,easy pattern girls,pdf girls pattern,girls skirt pdf,little girls pattern,girls pdf sewing,pdf sewing'"
custom,0," 'Girl Blouse,girl polka dot top,ivory girl top,winter clothing,holiday clothing,dressy shirt,toddler clothing,size 2T, 3T, 4T, 5, 6, 7, 8, 10'"
custom,0," 'Girl Holiday Skirt, turquoise skirt, blue sequined skirt, tulle party skirt, hannukah skirt, special occasion, 4T, 5, 6, 7, 8, 10, 12, 14'"
custom,0," 'Girl Tutu, girl tulle skirt, ballerina skirt, ballet girl clothing, children dance skirt, birthday skirt, size 2T, 3T, 4T, 5, 6, 8, 10'"
custom,0," 'Baby bonnet, lace bonnet, toddler bonnet, baptism bonnet, off white baby hat, 1-3 mo, 3-6 mo, 6-9 mo, 9-12 mo, 12-18 mo, 18-24 mo sizes'"
custom,0," 'Girl Sequin Skirt, holiday clothing, tulle holiday skirt, special occasion, sequin skirt girl, children wedding,4T, 5, 6, 7, 8, 10, 12 sizes'"
custom,0," 'Girl Holiday Skirt,sequined girl skirt,new years skirt,tween gold skirt,toddler holiday,special occasion,size 2T, 3T, 4T, 5, 6, 8, 10, 12'"
criss_cross_cape,1," 'Girl Cape PDF, cape pattern, winter coat PDF, girl coat pattern, coat sewing pattern, girl cape pattern, girl coat pdf, cape sewing PDF'"
custom,0," 'Girl Holiday Skirt,sequined girl skirt,new years skirt,tween gold skirt, holiday skirt,special occasion,size 16-18'"
custom,0," 'Girl Silk Dress,special occasion,couture clothing,recital girl dress,party dress girls,boutique clothing,3T, 4T, 5, 6, 7, 8, 10,and 12 sizes'"
custom,0," 'Girl Clothing Set, toddler shorts, ticking shirt, girl sleeveless top, floral shorts, blue stripe top,1T, 2T, 3T, 4T, 5, and 6 sizes'"
custom,0, 'Custom listing for M. T.'
custom,0," 'Girls Cape, winter child coat, girls winter cape, children coat, special occasion, spring coat, girl wrap, size 4T, 5, 6, 7, 8, 10, 12, 14'"
custom,0," 'Girls Dress, spring clothing, sequin girl dress,pink tulle dress,special occasion, Easter dress, size 2T, 3T, 4T, 5, 6, 7, 8, 10, 12'"
custom,0," ""Boy's Dress Shirt, boy cotton shirt, special occasion, wedding boy shirt, long sleeved oxford, size 2T, 3T, 4T, 5, 6, 7, 8, 10, 12"""
beaded_collar,1," 'Beaded Collar PDF, collar pattern, cape collar PDF, jeweled collar pdf, girl collar pdf, collar pdf download, size 4-6, 8-10, 12-14 girls'"
lottie,1," 'Baby Bonnet PDF, baby hat pattern, bonnet sewing pdf, bonnet pattern, toddler bonnet pdf, newborn, 3 mo, 6-12 mo, 12-18 mo, 2T, 3T sizes'"
lucy,1," 'Girl Blouse PDF, download girl shirt, spring shirt pattern, girl Easter PDF, toddler top pattern, sizes 3/4, 5/6, 7/8, 9/10, 11/12'"
custom,0, 'Custom Listing for M. C.'
custom,0," ""Girl Sequin Skirt, gold skirt 3T, children's clothing, toddler wedding, elastic gold skirt, little girl skirt, special occasion, size 3T"""
custom,0," 'Girls Cape, winter girl coat, childs winter cape, tween cape, winter girl wrap, couture clothing,spring cape,size 4T, 5, 6, 7, 8, 10, 12, 14'"
custom,0," 'Girls Skirt,chevron skirt,A-line skirt,tween clothing,pink cotton skirt,knee length skirt,boutique clothing,sizes 4T, 5T, 6, 7, 8, 10,and 12'"
custom,0," 'Girl Sequined Skirt,turquoise skirt,blue sequin skirt,tulle party skirt,tween skirt,dance skirt,special occasion,4T, 5, 6, 7, 8, 10, 12, 14'"
custom,0," 'Girl holiday top, purple girl shirt, couture clothing, boutique clothing, birthday top, mod girl clothing, size 2T, 3T, 4T, 5, 6, 8, 10, 12'"
belted_shorts,1," ""Girl Shorts PDF, summer shorts pdf, shorts pattern, elastic shorts pdf, pattern shorts, children's shorts PDF, size 2t, 3t, 4t, 5, 6, 7, 8"""
custom,0," 'Baby Set,Baby Diaper Cover,first birthday girl,mod baby clothes, cotton baby clothing, infant easter, shower gift girl, baby cotton set'"
custom,0," 'Girl Sequined Skirt, pink tween skirt, birthday skirt, valentines skirt, special occasion, pink wedding, 3T, 4T, 5, 6, 7, 8, 10, 12, 14'"
custom,0," 'Girl Skirt, Valentine girl skirt, pink cotton skirt, knee length skirt, classic clothing, toddler skirt, sizes 3T, 4T, 5, 6, 7, 8, 10, 12'"
custom,0," ""Girl Blouse, floral top, children's clothing, spring top, toddler shirt, baby girl, dressy clothing, size 2T"""
custom,0," 'Baby bonnet, lace bonnet,toddler bonnet baptism bonnet linen baby hat,linen bonnet,1-3 mo, 3-6 mo, 6-9 mo, 9-12 mo, 12-18 mo, 18-24 mo sizes'"
criss_cross_cape,1," 'Girl Cape PDF US letter, cape pattern, girl coat pattern, coat sewing pattern, girl cape pattern, girl coat pdf, cape sewing PDF'"
custom,0," ""Girl Blouse, floral top, children's clothing, spring top, toddler shirt, baby girl, dressy clothing, 2T, 3T, 4T, 5, 6, 7, and 8 size"""
lucy,1," 'Girl Blouse Pattern, girl top pattern, children blouse pdf, kids pdf pattern, girl pdf pattern, size 2T, 3T, 4T, 5, 6, 7, 8,10,12'"
lottie,1," 'Baby Bonnet PDF, bonnet pattern, newborn pdf, baby hat pattern, baby sewing pattern, sizes newborn, 3 mo, 6 mo, 12 mo, 18mo, 2, 3 years'"
custom,0," 'Girl Sequined Skirt, pink tween skirt, birthday skirt, toddler skirt, special occasion, pink wedding, 3T, 4T, 5, 6, 7, 8, 10, 12, 14'"
custom,0," 'Girl Pants, linen clothing, girls sailor pants, button pants, white linen clothing, Jilly Atlanta, sizes 2T, 3T, 4T, 5, 6, 7, and 8 sizes'"
custom,0," 'Girl Sequin Skirt, gold sequin skirt,elastic gold skirt, little girl skirt,special occasion, toddler wedding, toddler skirt, size 2T, 3T, 4T'"
custom,0," 'Girl Organic Top, turquoise shirt,organic cotton shirt,ruffled girl shirt,boutique clothing,winter clothing,sizes 3T, 4T, 5, 6, 7, 8, 10, 12'"
custom,0," 'Girl Blouse, girl white shirt, spring clothes, easter girl shirt, little girl clothing, special occasion, sizes 2T, 3T, 4T, 5, 6, 7, 8'"
custom,0, 'Custom Listing (material only) for M.'
custom,0," 'Flower girl dress, special occasion, girl wedding dress,rustic flower girl, toddler white dress, vintage style, 2T, 3T, 4T, 5, 6, 7, 8 sizes'"
custom,0, 'Upgrade for Express Shipping'
lucy,1," 'Girl Blouse PDF, download girl shirt, spring shirt pattern, children shirt PDF, toddler top pattern, sizes 3/4, 5/6, 7/8, 9/10, 11/12'"
custom,0, 'Custom Listing for Aimee H.'
gathered_skirt,1," 'Girl Skirt PDF, skirt pattern, elastic skirt PDF, easy sewing pattern, gathered skirt PDF, skirt download, tween skirt pattern, size 3-14'"
custom,0," 'Girl Dress, cotton floral dress, summer clothing, girl sundress, chambray dress, spring dress, size 2T, 3T, 4T, 5, 6, 7, 8, 10, 12'"
flora_bundle,1," 'Baby Diaper PDF, first birthday girl, baby sewing pattern, baby girl pdf, newborn pdf, diaper cover pattern, size 0-3 mo, 6 mo, 9 mo, 12 mo'"
flora_bundle,1," 'Diaper Cover PDF, baby sewing pattern, baby pdf pattern, newborn pdf, baby patterns, diaper cover pattern, size 0-3 mo, 6 mo, 9 mo, 12 mo'"
custom,0," 'Girls Cape, childs winter coat, girl capelet, girl wool cape, girl shawl, special occasion, girl clothing, size 3T, 4T, 5, 6, 7, 8, 10, 12'"
custom,0," 'Girl Skirt, eyelet skirt, white cotton skirt, wrap around skirt, knee length skirt, white pique skirt, 3T, 4T, 5, 6, 7, 8, 10, 12 sizes'"
custom,0," 'Girl Clothing Set, organic cotton top, jean toddler pants, little girl clothes, child retro clothing,girl boho, sizes 2T, 3T, 4T, 5, 6, 7, 8'"
custom,0," 'Girl Organic Shirt, blue cotton top, kids clothing, fall blouse, toddler shirt, boho top, organic clothing, size 2T, 3T, 4T, 5, 6, 7, 8, 10'"
custom,0, 'Custom Listing for M. S.'
criss_cross_cape,1," 'Girl Cape PDF A4, cape pattern, winter coat PDF, girl coat pattern, coat sewing pattern, girl cape pattern, girl coat pdf, cape sewing PDF'"
custom,0," 'Baby Bonnet, silk infant bonnet, summer girl bonnet, baby hat, special occasion, yellow bonnet, baby clothing, size 3 mo, 6 mo, 9 mo, 12 mo'"
custom,0," 'Girl Blouse, linen dressy top, girl clothing, special occasion, girl wedding, lace blouse, couture clothing, size 2T, 3T, 4T, 5, 6, 7, 8, 10'"
venezia,1," 'Baby Girl Romper PDF,baby sewing pattern,romper pdf pattern,baby girl patterns,summer baby PDF, children patterns, baby pdf, sewing pattern,'"
custom,0," 'Girl Blouse, cotton voile top, girl nautical top, navy blue shirt, swiss dot top, children clothing, size 1T, 2T, 3T, 4T, 5, 6, 7, 8, 10, 12'"
custom,0," ""Girl Blouse, spring boho top, green child's shirt, children's clothing, girl boho, girl summer, size 1t, 2t ,3t, 4t, 5, 6, 7, 8, 10"""
custom,0," 'Baby Diaper Cover, infant clothing set, first birthday girl, diaper cover set, nappy set, baby clothing, size 0-3 mo, 6 mo, 9 mo, 12 mo'"
lucy,1," 'Girl Blouse PDF, download girl pdf, childrens blouse pdf, top girl pattern, easy sewing pattern, fall clothing pdf, size 2T, 3T, 4T, 5, 6'"
custom,0," 'Girl Skirt, a line skirt, couture clothing, corduroy girl skirt, tween clothing, childrens skirt, winter skirt, size 4T, 5, 6, 7, 8, 10, 12'"
custom,0, 'Gift Certificate' 'Custom Listing for Meredith H.'
custom,0," 'Girl Organic Pants, organic twill pants,khaki girl pants,girl modern pants,toddler khaki pants,boutique clothing,size 3T, 4T, 5, 6, 7, 8, 10'"
custom,0," ""Girl Cape, spring coat, children's clothing, special occasion, girl jacket, couture girl clothes, size 2T, 3T, 4T, 5, 6, 7, 8"""
custom,0," ""Girl Blouse, summer girl top, children's clothing, orange cotton top, tween shirt, hippy chic, girl mod clothing, size 4T, 5, 6, 7, 8, 10"""
custom,0," 'Girl Sequin Skirt, couture clothing, brown tulle skirt, special occasion, toddler skirt, children wedding,4T, 5, 6, 7, 8, 10, 12 sizes'"
custom,0," ""Girls shorts, elastic shorts, bubble shorts, children's clothing"""
custom,0," 'Baby Set,Baby Diaper Cover,first birthday girl,mod baby clothes, cotton baby clothing, infant clothing, shower gift girl, baby cotton set'"
custom,0, 'For Melaine M.'
custom,0," 'Girl Top, organic cotton top, girl voile blouse, organic girl clothes, floral top,sleeveless top,spring clothing,3T, 4T, 5, 6, 7, and 8 size'"
custom,0," 'Girl Wool Cape, girls winter coat, special occasion, childrens black cape, winter wedding, black winter jacket, size 2T, 3T, 4T, 5, 6, 7, 8'"
custom,0," ""Girl Cape, winter coat, children's clothing, special occasion, girl jacket, couture girl clothes, spring cape, size 2T, 3T, 4T, 5, 6, 7, 8"""
custom,0, 'For Taylor M.' 'For Karina F.' 'Lavender Sachet'
custom,0," 'Girl skirt, blue cotton skirt, children clothing, blue damask skirt, kids skirt, cotton girl clothing, size 3T, 4T, 5, 6, 7, 8, 10'"
custom,0," 'Girl Sequin Skirt, holiday skirt, gold skirt, toddler skirt, christmas skirt, special occasion, size 12mo, 2T, 3T, 4T, 5, 6, 7, 8,10,12'"
custom,0," 'Girl Boho Clothing, girls cotton blouse, purple shirt, boho toddler, long sleeve top, winter clothing, size 12mo, 2T, 3T, 4T, 5, 6, 7, 8'"
custom,0," 'Girl Blouse, silk top, holiday clothing, special occasion, winter clothing, boutique clothing, size 2T, 3T, 4T, 5, 6, 7, 8'"
custom,0," 'Girl Cape, winter cape, striped coat, girl winter clothing, toddler boho, boho clothing, size 12 mo, 18 mo, 2T, 3T, 4T, 5, 6, 7, 8'"
custom,0," 'Girl Sequin Skirt, childs skirt, tween skirt, red girl skirt, toddler skirt, special occasion, red clothing, 4T, 5, 6, 7, 8, 10, 12 sizes'"
marcelle,1," 'Girl blouse PDF, girl dress pattern, sewing girl pattern, kids pdf, top girl pattern, boho blouse pdf, Cali pattern, Cali, size 2T,3T,4T,5,6'"
criss_cross_cape,1," 'Girl Cape PDF US letter, cape pattern, girl coat pattern, coat sewing pattern, girl coat pdf, cape sewing PDF, winter pdf, Criss Cross Cape,'"
criss_cross_cape,1," 'Girl Cape PDF A4, cape pattern, winter coat PDF, girl coat pattern, coat sewing pattern, Criss cross cape, girl coat pdf, cape sewing PDF'"
custom,0," 'Girl Blouse, girls cotton shirt, cream cotton top, dressy blouse, girl off-white top, boutique clothing, sizes 2T, 3T, 4T, 5, 6, 7, and 8'"
custom,0," 'Girls Cape, holiday linen cape, girl linen coat, special occasion, girl wedding, children coat, jeweled cape, size 4T, 5, 6, 7, 8, 10, 12,14'"
custom,0," ""Girl Blouse, striped boho top, beach clothing, children's clothing, summer girl top, cotton girl shirt, size 2T, 3T, 4T, 5, 6, 7, 8"""
custom,0," 'Girl Linen Blouse, lace linen top, long sleeved blouse, special occasion, wedding girl blouse, size 12 mo, 2T, 3T, 4T, 5, 6, 7, and 8'"
custom,0," ""Girl Cape, spring girl coat, blue child's coat, spring cape, linen coat, children's clothing,easter clothing,size 4T, 5, 6, 7, 8, 10, 12, 14"""
custom,0," ""Girl Blouse, cotton voile top, children's clothing, girls clothing, girl summer, toddler clothing, size 12 mo, 2T, 3T, 4T, 5, 6,7,8"""
custom,0," 'Girl Bonnet, winter baby hat, feather bonnet, black bonnet, linen bonnet, special occasion, christmas bonnet, size 2T, 3T, 4T'"
custom,0," 'Girl Linen Cape, black poncho, girl winter cape, christmas clothing, toddler cape, special occasion, Mia Cape, size 2T, 3T, 4T, 5, 6, 7, 8'"
lucy,1," 'Girl Blouse PDF, download girl shirt, spring shirt pattern, children shirt PDF, girl top pattern, Lucy pattern,sizes 3/4,5/6,7/8,9/10, 11/12'"
custom,0, 'Drawer Sachet'
marcelle,1," 'Girl Blouse PDF, download girl pdf, childrens blouse pdf, top girl pattern, easy sewing pattern, Marcelle Blouse pdf, size 2T, 3T, 4T, 5, 6'"
charlotte,1," 'Girls Blouse PDF, sewing pattern, top pattern, Charlotte pdf, girl dress pdf, sewing pdf girl, sizes 2T, 3T, 4, 5, 6, 7, and 8'"
charlotte,1," 'Girls Blouse PDF, sewing pattern, top pattern, Charlotte pattern, girl dress pdf, sewing pdf girl, sizes 2T, 3T, 4, 5, 6, 7, and 8'"
custom,0," ""Girl Blouse, summer blouse, hippy chic, children's clothing, toddler boho, girl floral blouse, toddler clothing, size 3T, 4T, 5, 6,7,8"""
custom,0," 'Girl Cape, winter clothing, velvet cape, special occasion, dress clothing, girl clothing, wedding cape, size 2T, 3T, 4T, 5, 6, 7, and 8'"
venezia,1," 'Baby Girl Romper PDF, Venezia Romper PDF, baby girl patterns, summer baby PDF, baby sewing patterns, toddler pattern, 0-3, 6, 9, 12, 18 mo'"
lucy,1," 'Girl Blouse PDF, download girl shirt, spring shirt pattern, children shirt PDF, girl top pattern, Lucy pattern,sizes 2T,3T,4T,5T,6,7,8,10,12'"
angelica,1," 'Girl Blouse Pattern, Angelica Blouse PDF, girl top pattern, children blouse pdf, kids pdf pattern, top pdf, size 2T, 3T, 4T, 5, 6, 7,8,10,12'"
belted_shorts,1," ""Girl Shorts PDF, Belted Shorts PDF, summer shorts pdf, shorts pattern, elastic shorts pdf, children's shorts PDF, size 2t, 3t, 4t, 5, 6, 7,8"""
venezia,1," 'Baby Girl Romper PDF, Venezia Romper PDF, baby patterns, summer baby PDF, baby sewing patterns, toddler pattern, bubble romper pdf, baby pdf'"
angelica,1," 'Angelica Blouse PDF, girl blouse pattern, girl top pattern, children blouse pdf, kids pdf pattern, top pdf, girl blouse pdf, girl shirt pdf'"
venezia,1," 'Venezia Romper PDF, Baby Girl Romper PDF, baby patterns, summer baby PDF, baby sewing patterns, toddler pattern, bubble romper pdf, baby pdf'"
angelica,1," 'Angelica Blouse PDF, girl blouse pattern, girl top pattern, children blouse pdf, kids pdf, top pdf, girl blouse pdf, pdf sewing pattern'"
gathered_skirt,1," 'Gathered Skirt PDF, sewing pattern, girls easy pattern, pdf pattern, girls skirt pdf, little girls pattern, pdf sewing, toddler skirt pdf'"
belted_shorts,1," 'Belted Shorts PDF, girl short pattern, summer shorts pdf, pdf pattern, elastic shorts pdf, children shorts pdf, girl pattern,easy sewing pdf'"
charlotte,1," ""Charlotte PDF, child's blouse pdf, sewing pattern, top pattern, girl dress pdf, girl pdf, girl dress pattern, pdf patterns, girl blouse pdf"""
hazel,1," ""Hazel PDf, girl top pattern, girl pdf, girl pattern, children's pattern, tween top pdf, toddler pattern, girl summer pdf, girl blouse pdf"""
hazel,1," ""Hazel PDf, girl top pattern, girl pdf, girl shirt pdf, children's pattern, tween top pdf, toddler pattern, girl summer pdf, girl blouse pdf"""
charlotte,1," 'Charlotte Dress PDF, summer pattern, blouse pattern, girl dress pattern, girl dress pdf, easy dress pattern, girl sewing pdf, girl pattern'"
custom,0," 'Girl Cape, black cape, special occasion, wool black cape, winter wedding, black winter coat, children cape, 2T, 3T, 4T, 5, 6, 7, 8'"
criss_cross_cape,1," 'Criss-Cross Cape PDF, cape pattern, girl coat pattern, coat sewing pattern, girl coat pdf, cape sewing PDF, winter pdf, girl cape pdf,'"
hazel,1," ""Hazel PDF, girl top pattern, girl pdf, girl pattern, children's pattern, tween top pdf, toddler pattern, girl summer pdf, girl blouse pdf"""
marcelle,1," 'Marcelle Blouse PDF, girl blouse pdf, girl sewing pdf, childrens blouse pdf, girl pattern, easy sewing pattern, toddler pattern,girl pattern'"
cali,1," 'Cali Blouse PDF, girl blouse pdf, girl dress pattern, sewing girl pattern, kids pdf, top girl pattern, boho blouse pdf, sewing pdf'"
rosie_cotton,1," 'Rosie Cotton PDF, girl dress pattern, dress pdf, summer dress pdf, flutter sleeve pdf, girl pattern, girl pdf, sewing pdf, sewing pattern'"
rosie_cotton,1," 'Rosie Cotton PDF, girl dress pdf, summer dress pdf, girl pattern, flutter sleeve pdf, girl pdf, dress pattern, dress girl pattern, dress pdf'"
custom,0," 'For Skye...gold and pink sequined headband, sequin skirt, and cream rickrack blouse.  Includes international shipping.'"
lucy,1," 'Lucy Blouse PDF, girl pattern, download girl shirt, spring shirt pattern, children shirt PDF, girl top pattern, girl sewing pdf, toddler pdf'"
mae,1," 'Mae Dress PDF, girl dress pattern, dress pdf, girl summer pdf, tween sewing, baby pdf'"
mae,1," 'Mae Dress PDF, girl dress pattern, dress pdf, girl summer pdf, tween sewing, baby dress pdf'"
custom,0," 'Gold Sequin Skirt, holiday skirt, gold skirt, tween holiday clothing, christmas skirt, special occasion, size 2T, 3T, 4T, 5, 6, 7, 8, 10, 12'"
mae,1," 'Mae Dress PDF, girl dress pattern, dress pdf, girl summer pdf, tween pattern, baby pdf, girl dress pdf, sewing pdf, sewing patterns'"
custom,0," 'Girl Pants, linen clothing, girls sailor pants, girl linen pants, white linen pants, Jilly Atlanta, sizes 2T, 3T, 4T, 5, 6, 7, and 8 sizes'"
custom,0," 'Girl Cami,black camisole,girl tank,cotton halter top,girl halter,vintage lace cami,vintage style tank,children clothing,4T, 5, 6, 8, 10, 12'"
custom,0," 'Boy Wool Vest, special occasion, fall boy clothing, boy christmas, winter boy clothing, boy dress clothes, size 2T, 3T, 4T, 5, 6, 7, 8'"
custom,0, 'Custom Listing for Melanie D.'
custom,0," ""Girl Sequin Skirt, pink wedding, children's clothing, tween skirt, special occasion, tulle sequin skirt, size 3T, 4T, 5, 6, 7, 8, 10, 12"""
hastings,1," 'Hastings Vest PDF, boy pattern, vest pdf, fall pattern, boy pdf, easy pattern, fall clothing pdf, boy easy pdf, outerwear pdf'"
hastings,1," 'Hastings Vest PDF, vest pattern, sewing for boys, fall pattern, boy pdf, easy pattern, fall clothing pdf, boy easy pdf, outerwear pdf'"
hastings,1," 'Hastings Vest PDF, vest pattern, sewing for boys, fall patterns, boy pdf, easy pattern, fall clothing pdf, boy pattern, outerwear pdf'"
custom,0," ""Girl Clothing Set, girl blouse, girl top, children's clothing, girl boho, bubble shorts, toddler shorts, size 1t, 2t ,3t, 4t, 5, 6, 7, 8, 10"""
custom,0, 'Upgrade for Rush Production'
duchess,1," 'Duchess Dress PDF, dress pattern, girl sewing pattern, dress pdf, girl dress pdf, girl pdf'"
custom,0, 'Upgrade for Priority Shipping'
duchess,1," 'Duchess Dress PDF, dress pattern, girl sewing pattern, dress pdf, girl dress pdf,girl pdf,holiday dress pdf,girl dress pattern,kids pattern'"
melbourne,1," 'Melbourne Romper PDF, boy romper pattern, girl romper pdf, romper pdf, kids sewing patterns, sewing pdf, kid romper, toddler romper pdf'"
custom,0," 'Girl Skirt, silk striped skirt, knee length skirt, dressy clothing, winter girl clothing, gathered skirt, size 2T, 3T, 4T, 5, 6, 7, 8'"
custom,0," ""Girl Dress, spring dress, gathered dress, children's clothing, long sleeved dress, short dress, tween clothing, size 2T, 3T, 4T, 5T, 6, 7, 8"""
rosie_cotton,1," 'Rosie Cotton PDF, girl dress pdf, holiday dress pdf, girl pattern, flutter sleeve pdf, girl pdf, dress pattern, sewing pattern, dress pdf'"
charlotte,1," 'Charlotte Dress PDF, fall patterns, blouse pattern, girl dress pattern, girl dress pdf, easy dress pattern, girl sewing pdf, girl pattern'"
rosie_cotton,1," 'Rosie Cotton PDF, girl dress pattern, dress pdf, holiday dress pdf, flutter sleeve pdf, girl pattern, girl pdf, sewing pdf, sewing pattern'"
gathered_skirt,1," 'Gathered Skirt PDF, holiday skirt PDF, girls easy pattern, pdf pattern, girls skirt pdf, little girls pattern, pdf sewing, toddler skirt pdf'"
lottie,1," 'Lottie Bonnet PDF, bonnet pattern, newborn bonnet pdf, baby hat pattern, bonnet sewing, toddler bonnet pdf, baby patterns, baby bonnet pdf'"
constance,1," 'Constance Cape PDF, girl cape pattern, winter coat pdf, cape pdf, girl pattern, sewing pdf, girl coat pattern,wedding cape pdf,cape pattern'"
venezia,1," 'Diaper Cover PDF, baby patterns, diaper cover pattern, nappy cover pdf, baby nappy pdf, sewing patterns, easy patterns, toddler pattern'"
macy,1," 'Macy Pinafore PDF, suspender skirt pdf, pinafore pattern, toddler pinafore, sewing patterns, tween skirt pdf,pinny pattern,kids pinafore pdf'"
macy,1," 'Macy Pinafore PDF, suspender skirt pdf, pinny pattern, tween pinafore, sewing patterns, girl patterns, toddler pdf, kids patterns'"
macy,1," 'Macy Pinafore, suspender skirt pdf, pinafore pattern, toddler pinafore, tween skirt pdf, pinny pattern, kids pinafore pdf'"
sadie,1," 'Sadie Skirt PDF, girl skirt pattern, skirt pdf, sewing pdf, easy pattern, skirt pattern, sewing patterns, toddler patterns, tween pdf'"
custom,0, 'For Karen T.' 'Custom Listing for Karen T.'
macy,1," 'Macy Pinafore PDF, suspender skirt pdf, Easter PDF,pinny pattern, tween pinafore, sewing patterns, girl patterns, toddler pdf, kids patterns'"
marlow,1," 'Marlow Dress PDF, girl dress pattern, girl patterns, dress pdf, girl sewing pattern, kids pattern, girl pdf, sewing pattern, kids sewing'"
marlow,1," 'Marlow Dress PDF, girl dress pattern, girl patterns, dress pdf, girl sewing pattern, kids pattern, girl pdf, sewing pattern,summer dress pdf'"
custom,0," 'Girl Holiday Skirt, sequined girl skirt, birthday skirt, sequin skirt, frozen colors, frozen birthday, size 2T, 3T, 4T, 5, 6, 8, 10, 12'"
custom,0," 'Girl Blouse, ruffled girl top, sleeveless top, children clothing, special occasion, boutique clothing, size 12mo, 2T, 3T, 4T, 5, 6, 7, 8'"
hastings,1," 'Hastings Vest PDF, vest pattern, sewing for boys, fall patterns, boy pdf, easy pattern, easter vest pdf, boy pattern, outerwear pdf,'"
custom,0, 'Custom Listing for Teresa' 'Custom Listing for Kimberly.'
lottie,1," 'Lottie Bonnet PDF, bonnet pattern, newborn bonnet pdf, sewing pattern, toddler bonnet pdf, baby patterns, baby bonnet pdf'"
venezia,1," 'Diaper Cover PDF,baby sewing patterns,diaper cover pattern, nappy cover pdf, baby nappy pdf, sewing patterns, easy patterns, toddler pattern'"
penny,1," ""Penny Blouse PDF, girl blouse pattern, girl pdf, sewing pattern, children's pattern, top pattern, summer pdf, girl pattern, flutter pattern"""
sadie,1," 'Sadie Skirt PDF, girl skirt pdf, skirt pdf, sewing pdf, skirt sewing pattern, easy PDF, sewing patterns, toddler patterns, tween pdf'"
custom,0, 'Custom Listing for CariJane.'
macy,1," 'Macy Pinafore PDF,suspender skirt pdf,pinafore PDF,pinny pattern, tween pinafore, sewing patterns, girl patterns, toddler pdf, kids patterns'"
custom,0, 'Custom Listing for Melanie.'
mona,1," 'Mona Shorts PDF, bubble shorts pdf, girl shorts pattern, bloomer pdf, sewing pattern, girl pdf, toddler shorts pdf, tween pattern, kids pdf'"
mona,1," 'Mona Shorts PDF, girls sewing pdf, tween pattern, girl pattern, bloomer pdf, sewing pattern, sewing pdf, toddler pattern, bubble shorts pdf'"
custom,0," ""Girl's Pinafore, girls pinny, toddler pinafore, fall pinafore, girls clothing, girls pinafore dress, pinafore dress, rifle paper dress"""
angelica,1," 'Angelica PDF, dress pattern, girl pdf, dress pdf, pdf sewing pattern, girl top pattern, blouse pattern, girl pattern, flutter sleeves,'"
angelica,1," 'Angelica PDF, blouse pattern, girl pattern, sewing pattern, sewing pdf, toddler pdf, tween pattern, top pattern, girl sewing, flutter sleeve'"
mona,1," 'Mona Shorts PDF, bubble shorts, toddler shorts, girls sewing pdf, baby pdf, baby pattern, bloomer pdf, bloomer pattern, tween shorts'"
laurel,1," ""Laurel Blouse PDF, girls blouse pattern, blouse pdf, sewing patterns, children's blouse, tween pattern, ruffle top pdf, toddler pdf"""
laurel,1," ""Laurel Blouse PDF, girls blouse pattern, blouse pdf, girl sewing pattern, children's blouse, tween pattern, ruffle top pdf, toddler pdf,"""
ainsley,1," 'Ainsley Pinafore, girls sewing pattern, girl pinafore, pinafore pdf, pinny sewing pattern, girl pdf, girl dress, dress pattern, kids pattern'"
custom,0," ""Girl Clothing Set, girl blouse, girl top, children's clothing, girl boho, bubble shorts, toddler shorts, size 12mo, 18mo, 2T, 3T, 4T, 5T, 6"""
custom,0," ""Baby Bonnet, girl hat, toddler bonnet, summer bonnet, children's clothing, baby clothing, floral bonnet, pintuck bonnet"""
laurel,1," ""Laurel Blouse PDF, girls blouse pattern, sewing pdf, blouse pdf, sewing patterns, children's patterns, long sleeve pdf, ruffle blouse pdf"""
lola,1," 'Lola Blouse PDF, girl blouse pattern, girl pdf, bell sleeve pdf, girl pattern, girl sewing, flounce collar pdf, children pattern,toddler pdf'"
custom,0, 'Custom Listing for Ashley'
long_island,1," 'Long Island Top, knit top, girl pattern, pdf pattern, knit pattern, girl knit pdf, sewing patterns, easy pattern, girl pdf, jillyatlanta'"
long_island,1," 'Long Island Top, knit top, girl pattern, pdf pattern, knit pattern, tank top pdf, sewing patterns, easy pattern, girl pdf, tween pattern'"
long_island,1," 'Long Island Top, knit top, girl pattern, pdf pattern, knit pdf, girl knit pdf, sewing patterns, easy pattern, girl pdf, knit fabric patterns'"
long_island,1," 'Long Island Top, knit top, girl pattern, pdf pattern, knit pattern, tank top pattern, sewing patterns, easy pattern, girl pdf, tween pattern'"
lola,1," 'Lola Blouse PDF, girl blouse pattern, girl pdf, long sleeve pdf, girl pattern, sewing pdf, gathered collar pdf, children pattern,toddler pdf'"
marlow_addon,1," 'Marlow Add-on PDF, girl top pattern, girl pdf pattern, blouse pdf, girl sewing pattern, kids pattern, girl pdf, sewing pattern, kids pdf'"
marlow_addon,1," 'Marlow Peplum PDF, girl dress, peplum top pattern, tween sewing pattern, girl top pattern, girl sewing pattern, girl pdf, sewing pattern'"
marlow_top_addon,1," 'Marlow Bundle PDF, girl dress, peplum top pattern, tween sewing pattern, girl top pattern, girl sewing pattern, girl pdf, sewing pattern'"
custom,0, 'Additional charge for Overnight cost'
agatha,1," 'Agatha Top and Dress, girls pdf pattern, dress pattern, sewing patterns, girl sewing pattern, blouse pdf, top pdf pattern, JillyAtlanta'"
custom,0," 'Girl Dress, special occasion, girl clothing, wedding dress, linen dress, children clothing, toddler dress,double gauze dress,polka dot dress'"
birdie,1," 'Birdie Dress PDF, girl dress pattern, vintage style pdf, ruffle dress, girl pdf, sewing patterns, sewing, pdf sewing patterns, jillyatlanta'"
camden,1," 'Camden Dress PDF, girl sewing pattern, easy dress pattern, toddler dress pdf, girl pdf, sewing pdf, tween dress pattern, kids pattern'"
raine,1," 'Raine Tote PDF, rainbow pdf, rainbow tote bag, purse patterns, bag pattern, easy tote pdf, tote patterns, purse pattern, jillyatlanta'"
louisa,1," 'Louisa Pinafore PDF, girl pinafore pdf, girl patterns, pdf patterns, girl dress pdf, sewing pattern, pinafore dress pdf, sewing dress pdf'"
raine,1," 'Raine Tote PDF, rainbow tote bag, purse patterns, bag pattern, easy tote pdf, rainbow pdf, tote patterns, little purse pattern, jillyatlanta'"
custom,0, 'A0 file via USPS'
hillary,1," 'Hillary Skirt PDF, girl skirt pdf, high low skirt, sewing pdf, skirt sewing pattern, sewing patterns, toddler pdf, tween pdf, skirt pattern'"
cora,1," 'Cora Blouse PDF, short sleeve blouse, sewing patterns, blouse pdf, girl blouse pdf, gathered blouse, girl patterns, long sleeve pdf,easy pdf'"
custom,0," 'Raine Tote, toddler bag, small bag, girl purse, sack, little purse, school bag, art bag'"
custom,0," 'Agatha Dress, girl dress, girl smock, button front dress, cotton dress, gingham dress'"
livie,1," 'Livie Tank and Dress, girl tank, girl dress pdf, girl pdf, sewing pdf, sewing patterns, toddler pattern, dress patterns, tween dresses, pdf'"
custom,0," ""Girl Blouse, Lola blouse, girl clothes, children's clothing, toddler girl clothes, tween clothing, long sleeve shirt, fall shirt, girl top"""
custom,0," 'Louisa Pinafore, girl dress, girl pinafore, wrap dress, wrap pinafore, corduroy dress'"
livie,1," 'Livie Tank and Dress, girl tank, girl dress pdf, sewing for girls, sewing pdf, sewing patterns, toddler pattern,dress patterns,tween dresses'"
clara,1," 'Clara bow, hair bow pdf, baby pattern, girl bow pdf, easy bow pdf, toddler hair bow, hair bow pattern, simple hair bow, bow,jillyatlanta'"
bordeaux,1," 'Bordeaux Peplum + Dress, girls knit pattern, knit peplum, easy sewing pdf, knit pdf, girls pattern,girls top pdf,knit dress pdf,jillyatlanta'"
camden_addon,1," 'Camden Add-on PDF, girl top pattern, girl pdf pattern, blouse pdf, girl sewing pattern, tunic pdf, girl pdf, sewing pattern, easy pattern'"
bordeaux,1," 'Bordeaux Peplum + Dress, girls knit pattern, knit peplum, easy pattern, knit pattern, girls pattern, girls top pdf, knit dress pattern'"
rosie_cotton,1," 'Rosie Cotton PDF, girl dress pdf, sundress pattern, girl pattern, flutter sleeve pdf, girl pdf, dress pattern, sewing pattern, girl dress'"
rosie_cotton,1," 'Rosie Cotton PDF, girl dress pattern, dress pdf, holiday dress pdf, flutter sleeve, girl pattern, girl pdf, sewing pdf, sewing pattern'"
angelica,1," 'Angelica PDF, dress pattern, girl pattern, sewing pattern, sewing pdf, toddler pdf, tween pattern, top pattern, girl sewing,flutter sleeve'"
marlow_addon,1," 'Marlow Add-on PDF, girl top pattern, girl pdf pattern, blouse pdf, girl sewing pattern, tunic pdf, girl pdf, sewing pattern, easy pattern'"
long_island,1," 'Long Island Top, knit top, girl pattern, children pdf, toddler pdf pattern, sewing pattern, easy pattern, knit pattern, flutter sleeve'"
penny,1," 'Penny Blouse PDF, girl blouse pattern, girl pdf, sewing pdf pattern, children pdf, top pattern, summer pdf, girl pattern, flutter pattern'"
meri,1," 'Meri Dress, girl top pattern, dress pdf, sewing pattern, sewing pdf, high low pattern, top pdf, girl sewing pattern, children pattern'"
bellaire,1," 'Bellaire Bottoms PDF, knit pant pdf, girl knit shorts, knit shorts pattern, girl knit pattern, bell bottoms pdf, easy knit pattern, knit pdf'"
meri,1," 'Meri Top, girl dress pattern, dress pdf, sewing pattern, sewing pdf, high low pattern, top pdf, girl sewing pattern, children pattern']"